{
	"format_version": "1.8.0",
	"animations": {
		"animation.debiave.ground_idle": {
			"loop": true,
			"bones": {
				"body": {
					"rotation": ["-6+2*(math.sin(q.anim_time*90)*1+1)", 0, 0],
					"position": ["0.5*(math.sin(q.anim_time*90)*1+1)", "2+0.5*(math.sin(q.anim_time*180)*1+1)", 0]
				},
				"head": {
					"rotation": ["3*(math.sin(q.anim_time*90)*1+1)", 0, 0]
				}
			}
		},
		"animation.debiave.cry": {
			"animation_length": 1.0833,
			"bones": {
				"head": {
					"rotation": {
						"0.0": {
							"post": [0, 0, 0],
							"lerp_mode": "catmullrom"
						},
						"0.0417": [0, 0, 7.1894],
						"0.0833": [0, 0, 24.70765],
						"0.125": [0, 0, 47.59626],
						"0.1667": [0, 0, 72.60613],
						"0.2083": [0, 0, 97.84126],
						"0.25": [0, 0, 122.26632],
						"0.2917": [0, 0, 145.34789],
						"0.3333": [0, 0, 166.83208],
						"0.375": [0, 0, 186.62828],
						"0.4167": [0, 0, 204.72372],
						"0.4583": [0, 0, 221.16],
						"0.5": [0, 0, 236],
						"0.5417": [0, 0, 249.97344],
						"0.5833": [0, 0, 263.73805],
						"0.625": [0, 0, 277.2392],
						"0.6667": [0, 0, 290.4041],
						"0.7083": [0, 0, 303.13723],
						"0.75": [0, 0, 315.30612],
						"0.7917": [0, 0, 326.73036],
						"0.8333": [0, 0, 337.15688],
						"0.875": [0, 0, 346.23397],
						"0.9167": [0, 0, 353.47971],
						"0.9583": [0, 0, 358.28306],
						"1.0": [0, 0, 360],
						"1.0417": {"pre": [0, 0, 360], "post": [0, 0, 0]}
					}
				}
			},
			"sound_effects": {
				"0.0417": {
					"effect": "pokemon.debiave.cry"
				}
			}
		},
		"animation.debiave.blink": {
			"animation_length": 0.1667,
			"bones": {
				"face_normal": {
					"position": {
						"0.0": [0, 0, 1],
						"0.1667": {
							"pre": [0, 0, 1],
							"post": [0, 0, 0]
						}
					}
				},
				"face_blink": {
					"position": {
						"0.0": [0, 0, -1],
						"0.1667": {
							"pre": [0, 0, -1],
							"post": [0, 0, 0]
						}
					}
				},
				"blink": {
					"position": {
						"0.0": [0, 0, -1],
						"0.1667": {
							"pre": [0, 0, -1],
							"post": [0, 0, 0]
						}
					}
				}
			}
		},
		"animation.debiave.sleep": {
			"loop": true,
			"bones": {
				"blink": {
					"position": [0, 0, -1]
				},
				"charm1": {
					"scale": [0, 0, 1]
				},
				"charm2": {
					"scale": [0, 0, 1]
				},
				"charm3": {
					"scale": [0, 0, 1]
				}
			}
		},
		"animation.debiave.faint": {
			"animation_length": 3,
			"bones": {
				"body": {
					"rotation": {
						"0.0": [0, 0, 0],
						"1.0": {
							"pre": [-12.5, 0, 0],
							"post": [-12.5, 0, 0],
							"lerp_mode": "catmullrom"
						},
						"1.75": {
							"post": [-5, 0, 0],
							"lerp_mode": "catmullrom"
						},
						"2.0": {
							"post": [0, 0, 0],
							"lerp_mode": "catmullrom"
						}
					},
					"position": {
						"0.0": ["0.5*(math.sin(q.anim_time*3600)*1+1)", "1+0.5*(math.sin(q.anim_time*1800)*1+1)", 0],
						"1.0": {
							"pre": [0, 3, 0],
							"post": [0, 3, 0],
							"lerp_mode": "catmullrom"
						},
						"1.75": {
							"post": [0, 4, 0],
							"lerp_mode": "catmullrom"
						},
						"2.0": {
							"post": [0, 0, 0],
							"lerp_mode": "catmullrom"
						}
					}
				},
				"faint": {
					"position": {
						"0.0": [0, 0, 0],
						"1.0": {
							"pre": [0, 0, 0],
							"post": [0, 0, -1]
						},
						"1.2083": {
							"pre": [0, 0, -1],
							"post": [0, 0, 0]
						},
						"1.5417": {
							"pre": [0, 0, 0],
							"post": [0, 0, -1]
						}
					}
				},
				"charm2": {
					"scale": {
						"0.0": {
							"post": [1, 1, 1],
							"lerp_mode": "catmullrom"
						},
						"1.0": {
							"post": [0.9, 0.9, 1],
							"lerp_mode": "catmullrom"
						},
						"1.5833": {
							"post": [0, 0, 1],
							"lerp_mode": "catmullrom"
						}
					}
				},
				"charm1": {
					"scale": {
						"0.0": {
							"post": [1, 1, 1],
							"lerp_mode": "catmullrom"
						},
						"1.0": {
							"post": [0.9, 0.9, 1],
							"lerp_mode": "catmullrom"
						},
						"1.5833": {
							"post": [0, 0, 1],
							"lerp_mode": "catmullrom"
						}
					}
				},
				"charm3": {
					"scale": {
						"0.0": {
							"post": [1, 1, 1],
							"lerp_mode": "catmullrom"
						},
						"1.0": {
							"post": [0.9, 0.9, 1],
							"lerp_mode": "catmullrom"
						},
						"1.5833": {
							"post": [0, 0, 1],
							"lerp_mode": "catmullrom"
						}
					}
				}
			}
		},
		"animation.debiave.physical": {
			"animation_length": 3,
			"bones": {
				"body": {
					"rotation": {
						"0.0": [0, 0, 0],
						"0.5417": {
							"pre": [-90, 480, 0],
							"post": [-90, 480, 0],
							"lerp_mode": "catmullrom"
						},
						"1.0": {
							"post": [-90, 960, 0],
							"lerp_mode": "catmullrom"
						},
						"1.7083": {
							"post": [-90, 0, 0],
							"lerp_mode": "catmullrom"
						},
						"2.5": [7.19, 0, 0],
						"3.0": [0, 0, 0]
					},
					"position": {
						"0.0": [0, 2, 0],
						"0.5417": {
							"pre": [0, 9, 16],
							"post": [0, 9, 16],
							"lerp_mode": "catmullrom"
						},
						"1.0417": {
							"post": [0, 9, 19],
							"lerp_mode": "catmullrom"
						},
						"1.3333": {
							"post": [0, 6, -12],
							"lerp_mode": "catmullrom"
						},
						"1.7083": {
							"post": [0, 7, 4],
							"lerp_mode": "catmullrom"
						},
						"2.125": {
							"post": [0, 7, 7],
							"lerp_mode": "catmullrom"
						},
						"3.0": [0, 2, 0]
					}
				},
				"attack1": {
					"position": [0, 0, -1]
				}
			}
		},
		"animation.debiave.special": {
			"animation_length": 3,
			"bones": {
				"body": {
					"rotation": {
						"0.0": [0, 0, 0],
						"0.25": {
							"pre": [10, 0, 0],
							"post": [10, 0, 0],
							"lerp_mode": "catmullrom"
						},
						"0.5": {
							"post": [17.5, 0, 0],
							"lerp_mode": "catmullrom"
						},
						"0.75": {
							"post": [-10, 0, 0],
							"lerp_mode": "catmullrom"
						},
						"1.75": [-10, 0, 0],
						"3.0": [0, 0, 0]
					},
					"position": {
						"0.0": [0, 2, 0],
						"0.5": {
							"pre": [0, 2, 1],
							"post": [0, 2, 1],
							"lerp_mode": "catmullrom"
						},
						"0.75": ["0.25*(math.sin(q.anim_time*3600)*1+1)", "2+0.25*(math.sin(q.anim_time*1800)*1+1)", 0],
						"1.75": ["0.25*(math.sin(q.anim_time*3600)*1+1)", "2+0.25*(math.sin(q.anim_time*1800)*1+1)", 0],
						"2.0": [0, 2, 0]
					}
				},
				"attack2": {
					"position": {
						"0.0": [0, 0, 0],
						"0.75": [0, 0, -1],
						"1.75": {
							"pre": [0, 0, -1],
							"post": [0, 0, 0]
						}
					}
				},
				"hurt": {
					"position": {
						"0.0": [0, 0, 0],
						"0.25": {
							"pre": [0, 0, 0],
							"post": [0, 0, -1]
						},
						"0.5": {
							"pre": [0, 0, -1],
							"post": [0, 0, 0]
						},
						"1.75": {
							"pre": [0, 0, 0],
							"post": [0, 0, -1]
						},
						"2.0": {
							"pre": [0, 0, -1],
							"post": [0, 0, 0]
						}
					}
				}
			}
		},
		"animation.debiave.status": {
			"animation_length": 3,
			"bones": {
				"body": {
					"rotation": {
						"0.0": [0, 0, 0],
						"0.25": {
							"pre": [10, 0, 0],
							"post": [10, 0, 0],
							"lerp_mode": "catmullrom"
						},
						"0.5": {
							"post": [17.5, 0, 0],
							"lerp_mode": "catmullrom"
						},
						"0.75": {
							"post": [-10, 0, 0],
							"lerp_mode": "catmullrom"
						},
						"1.75": [-10, 0, 0],
						"3.0": [0, 0, 0]
					},
					"position": {
						"0.0": [0, 2, 0],
						"0.5": {
							"pre": [0, 2, 1],
							"post": [0, 2, 1],
							"lerp_mode": "catmullrom"
						},
						"0.75": ["0.25*(math.sin(q.anim_time*3600)*1+1)", "2+0.25*(math.sin(q.anim_time*1800)*1+1)", 0],
						"1.75": ["0.25*(math.sin(q.anim_time*3600)*1+1)", "2+0.25*(math.sin(q.anim_time*1800)*1+1)", 0],
						"2.0": [0, 2, 0]
					}
				},
				"hurt": {
					"position": {
						"0.0": [0, 0, 0],
						"0.25": {
							"pre": [0, 0, 0],
							"post": [0, 0, -1]
						},
						"0.5": {
							"pre": [0, 0, -1],
							"post": [0, 0, 0]
						},